feature_name,flag,reasoning,related_regulations,ai_thought_process,original_description
Curfew login blocker with ASL and GH for Utah minors,Yes,The feature is explicitly designed as a geo-specific curfew for minors to comply with the nighttime restrictions mandated by the Utah Social Media Regulation Act.,Utah Social Media Regulation Act,"**Analysis of ""Curfew Login Blocker"" Feature**

Okay, here's the breakdown of my analysis. The task is clear: I'm acting as a compliance officer, and my goal is to assess this new product feature against a specific legal framework. I've got to output my findings in a specific JSON format.

First, I examined the product description: ""Curfew login blocker with ASL and GH for Utah minors."" It's directly targeting compliance with the ""Utah Social Media Regulation Act,"" specifically mentioning a curfew-based login restriction for users under 18, using age-sensitive and geo-specific logic, activated during ""restricted night hours.""  Auditing and parental control are also mentioned. It's built with compliance in mind.

Next, I thoroughly reviewed the relevant legal text: the ""Utah - Social Media Regulation Act (Simplified Summary).""  The key section, Section 3, deals with nighttime restrictions for minors' access. It mandates restricting access during nighttime hours unless parents adjust the settings. This is the cornerstone of the assessment. The codename ""NightGuard"" further solidifies its purpose.

Connecting these two, it's immediately apparent that the feature is a direct implementation of the law's requirement.  ""Curfew login blocker"" *is* ""Nighttime Restrictions"" for users under 18 *in Utah.* The ""Geo-handler"" ensures this rule applies *only* to Utah.  The connection is explicit and intentional.

My next step is determining the JSON output. Given that this feature is built *specifically* to comply with a geo-specific regulation, the `flag` must be ""Yes.""  The `reasoning` is a concise statement explaining how this feature is a curfew built to adhere to the Utah law. The `related_regulations` will be the ""Utah Social Media Regulation Act,"" as that's what's directly relevant.

Finally, the JSON:

```json
{
  ""flag"": ""Yes"",
  ""reasoning"": ""The feature is a curfew for minors explicitly designed to comply with the Utah Social Media Regulation Act's nighttime restriction requirement, necessitating geo-specific logic for Utah."",
  ""related_regulations"": [
    ""Utah Social Media Regulation Act""
  ]
}
```

This JSON satisfies all the requirements and accurately reflects my analysis. The product feature is designed specifically to comply with the Utah law, and the output reflects that conclusion.
","To comply with the Utah Social Media Regulation Act, we are implementing a curfew-based login restriction for users under 18. The system uses ASL to detect minor accounts and routes enforcement through GH to apply only within Utah boundaries. The feature activates during restricted night hours and logs activity using EchoTrace for auditability. This allows parental control to be enacted without user-facing alerts, operating in ShadowMode during initial rollout."
PF default toggle with NR enforcement for California teens,Yes,"The feature is explicitly designed to disable a personalized feed for users under 18 located specifically in California, requiring geo-specific logic for implementation.","California - Protecting Our Kids from Social Media Addiction Act, Utah S.B. 152","**Initial Assessment of Feature Compliance**

My analysis indicates that this product feature necessitates geo-specific compliance logic.  I've carefully examined the feature description and relevant legal texts to arrive at this conclusion. My reasoning is straightforward: the feature is specifically designed to disable a personalized feed for users under 18 located specifically in California, requiring geo-specific logic for implementation.  The feature's functionality directly relates to ""California - Protecting Our Kids from Social Media Addiction Act,"" mandating options to avoid engagement-maximizing algorithms, and the ""Utah S.B. 152"" law, which provides minors with the option to see content not based on profiling.  Therefore, I've compiled the following JSON output:

```json
{
  ""flag"": ""Yes"",
  ""reasoning"": ""The feature is explicitly designed to disable a personalized feed for users under 18 located specifically in California, requiring geo-specific logic for implementation."",
  ""related_regulations"": [
    ""California - Protecting Our Kids from Social Media Addiction Act"",
    ""Utah S.B. 152""
  ]
}
```
","As part of compliance with California’s SB976, the app will disable PF by default for users under 18 located in California. This default setting is considered NR to override, unless explicit parental opt-in is provided. Geo-detection is handled via GH, and rollout is monitored with FR logs. The design ensures minimal disruption while meeting the strict personalization requirements imposed by the law."
Child abuse content scanner using T5 and CDS triggers,Yes,"The feature explicitly states that 'Regional thresholds are governed by LCP (Local compliance policy) parameters,' indicating its logic must adapt to region-specific laws like the US NCMEC reporting requirement.",28 U.S. Code § 2258A,"**Compliance Feature Analysis: Child Abuse Content Scanner**

Alright, let's dive into this ""Child Abuse Content Scanner"" feature. My initial assessment is that this is a *definitive* ""Yes"" flag. Here's my thinking:

The feature's core function is to comply with US federal law regarding reporting child sexual abuse content to NCMEC. It utilizes internal systems like ""T5"" and ""CDS"" to identify and report potential violations. The crucial piece of information here, the absolute key, is the explicit statement: ""Regional thresholds are governed by LCP (Local compliance policy) parameters in the backend."" This is a neon sign flashing ""geo-specific logic required.""

Given that the primary regulation at play is the US-specific NCMEC reporting requirement, it's clear the system's behavior *must* adapt based on geographic location. For instance, the reporting destination and thresholds will likely differ depending on local laws. We can't assume a ""one size fits all"" approach.

Therefore, the flag must be ""Yes."" The reasoning is straightforward: the feature's design inherently suggests geo-specific compliance. Its behavior is bound to vary by region to comply with laws like the US NCMEC reporting mandate. The relevant regulation is ""28 U.S. Code § 2258A"" which is directly referenced in the feature description.

The final JSON, therefore, will be:

```json
{
  ""flag"": ""Yes"",
  ""reasoning"": ""The feature explicitly states that 'Regional thresholds are governed by LCP (Local compliance policy) parameters,' indicating its logic must adapt to region-specific laws like the US NCMEC reporting requirement."",
  ""related_regulations"": [""28 U.S. Code § 2258A""]
}
```

This should be a solid and compliant outcome.
","In line with the US federal law requiring providers to report child sexual abuse content to NCMEC, this feature scans uploads and flags suspected materials tagged as T5. Once flagged, the CDS auto-generates reports and routes them via secure channel APIs. The logic runs in real-time, supports human validation, and logs detection metadata for internal audits. Regional thresholds are governed by LCP parameters in the backend."
Content visibility lock with NSP for EU DSA,Yes,The feature description explicitly states that a Geo-handler (GH) ensures enforcement is restricted to the EU region only to comply with the EU Digital Services Act.,EU Digital Services Act (DSA),"**Assessing Compliance of the ""Content Visibility Lock"" Feature**

Okay, here's the breakdown of my analysis. My primary goal here is to determine if this ""Content Visibility Lock"" feature, specifically designed for the EU DSA, is compliant and document my findings.

First, I examined the product feature description. It's a ""visibility lock"" applied to flagged content with an NSP label, essentially a ""Softblock."" The key here is its geo-specific nature – the ""Geo-handler"" ensures this functionality is *only* enforced within the EU.  This is a huge indicator of compliance, right off the bat. It leverages EchoTrace for logging, and the Redline status suggests some legal review involved, all positive signs. The explicit claim of complying with Article 16's removal mechanisms is also important.  (Though I'd need to verify the full scope of Article 16, which isn't provided here, to be absolutely certain.)

Next, I looked at the relevant legal texts, which, based on the provided summary, are centered around the EU DSA's requirements for content moderation, transparency, and risk management.  Key articles focus on notice-and-action mechanisms (13 and 15), transparency to users (12, 22, 24, 26), and handling of reports (14), plus risk management for big platforms (27).

Connecting the dots is pretty straightforward. This ""visibility lock"" directly relates to the DSA's content moderation requirements.  The geo-restriction is crucial; it explicitly targets the EU, directly aligning with the regulation's geographical scope.  The feature's purpose, which appears to be enhancing accountability and complying with removal mechanisms aligns specifically with Articles 13 and 15. The ""visibility lock,"" as a moderation tool, is directly targeted toward the core of this compliance requirement.

Finally, I need to translate all this into a JSON structure, focusing on the crucial questions: Is there geo-specific logic?  And what's the reasoning?  Given that the feature's description explicitly points to a ""Geo-handler"" for EU-only enforcement, the ""flag"" is definitively ""Yes.""  My ""reasoning"" is concise: the geo-restriction is *the* key compliance mechanism. The ""related_regulations"" is simply the DSA itself.

The resulting JSON confirms the compliance:

```json
{
  ""flag"": ""Yes"",
  ""reasoning"": ""The feature description explicitly states that enforcement is restricted to the EU region only using a Geo-handler to comply with the EU Digital Services Act."",
  ""related_regulations"": [
    ""EU Digital Services Act (DSA)""
  ]
}
```

This is a good, concise, and defensible assessment. I'm satisfied.
","To meet the transparency expectations of the EU Digital Services Act, we are introducing a visibility lock for flagged user-generated content labeled under NSP. When such content is detected, a soft Softblock is applied and GH ensures enforcement is restricted to the EU region only. EchoTrace supports traceability, and Redline status can be triggered for legal review. This feature enhances accountability and complies with Article 16’s removal mechanisms."
Jellybean-based parental notifications for Florida regulation,Yes,The feature is explicitly designed to support Florida's Online Protections for Minors law by dispatching parental notifications.,Florida - Online Protections for Minors (HB3),"**Analysis of Feature Compliance for Florida Regulation**

Okay, so I'm presented with a feature description and some legal texts and I need to determine if this feature requires geo-specific compliance logic.  First glance, the feature title, ""Jellybean (Feature name for internal parental control system)-based parental notifications for Florida regulation,"" is screaming ""Yes.""  The title explicitly mentions Florida, which immediately raises a flag.

Diving deeper, the description confirms my initial suspicion.  It states the feature is explicitly ""To support Florida's Online Protections for Minors law...""  It's all about parental control notifications related to a specific law in a specific place.  And the fact that they're using internal tools with names like ""Glow (A compliance-flagging status, internally used to indicate geo-based alerts)"" only reinforces that this is geographically bound. The fact that the parental notifications are being dispatched to ""verified parent accounts when a minor attempts to access restricted features"" aligns with parental control requirements.

Now, looking at the legal texts, there's even more evidence.  I see a ""Glossary of Internal Terms for Florida Online Protections for Minors (HB3)"" and a summary of ""Florida - Online Protections for Minors (HB3).""  The summary mentions key provisions like Age Verification and, crucially, Parental Consent and Control.  The feature of sending notifications fits directly into providing parents with tools to manage account activity, a key requirement of the HB3 law.

Putting it all together, it's clear:  **`flag`**: ""Yes"".  The **`reasoning`** is straightforward: The feature is explicitly designed to support ""Florida's Online Protections for Minors law"" by dispatching parental notifications for minor accounts.  And the **`related_regulations`** are, as expected: [""Florida - Online Protections for Minors (HB3)""].  This is a slam dunk.  I can confidently generate the JSON output knowing that this is a feature requiring specific geo-compliance logic for Florida.
","To support Florida's Online Protections for Minors law, this feature extends the Jellybean parental control framework. Notifications are dispatched to verified parent accounts when a minor attempts to access restricted features. Using IMT, the system checks behavioral anomalies against BB models. If violations are detected, restrictions are applied in ShadowMode with full audit logging through CDS. Glow flags ensure compliance visibility during rollout phases."
Unified retention control via DRT & CDS,Yes,"The feature's goal of uniform, automatic log deletion across all regions conflicts with the US NCMEC reporting requirements, which mandate the preservation of specific records for law enforcement investigations.",US NCMEC Reporting Requirements (28 U.S. Code § 2258A),"**My Analysis of ""Unified Retention Control"" Feature**

Okay, so I've been tasked with analyzing this ""Unified retention control"" feature, particularly regarding its compliance with geo-specific regulations. My primary goal here is to determine if this feature, with its global, automatic log deletion, needs any region-specific tweaks.

First, I broke down the feature itself. It's built around data retention thresholds and a Compliance Detection System, aiming for automatic log deletion across *all* regions. The idea is to have a consistent system.

Next, I dove into the relevant legal texts provided. The EU Digital Services Act and the California Protecting Our Kids from Social Media Addiction Act are both focused on content-related issues, not general log retention. So, they're not directly applicable here.

However, the US NCMEC Reporting Requirements are a different story. These require the *preservation* of specific records for law enforcement investigations. This creates a potential conflict with the feature's uniform, automatic deletion policy. Specifically, 28 U.S. Code § 2258A mandates secure data preservation. The feature is all about uniform deletion across regions. These are opposing goals.

The system cannot universally apply its deletion policy if US law mandates data preservation for certain investigations. This is a crucial data retention versus data preservation issue, and it's a direct conflict. The key takeaway is the word ""uniform"". This global deletion cannot work.

Therefore, I'm flagging this as a ""Yes"". The feature *will* require geo-specific logic to handle these exceptions based on US law and, possibly, other similar regulations in different countries. The reasoning is clear: the uniform deletion policy conflicts with the US NCMEC reporting requirements, which require preservation. The specific regulation that's causing the problem is ""US NCMEC Reporting Requirements (28 U.S. Code § 2258A)"".

So, the feature needs modification.
","Introduce a data retention feature using DRT thresholds, ensuring automatic log deletion across all regions. CDS will continuously audit retention violations, triggering EchoTrace as necessary. Spanner logic ensures all platform modules comply uniformly."
NSP auto-flagging,No,"The feature enforces an internal company policy on non-shareable content, which is not directly addressed by the provided regulations concerning user-generated illegal content, advertising, or recommendation systems.",,"**Initial Assessment of ""NSP Auto-Flagging"" Feature**

Okay, so the task is to analyze this ""NSP auto-flagging"" feature and see if it needs geo-specific logic based on these legal texts. Let's break this down. First, the feature itself: it's all about automatically detecting content that violates the company's ""Non-shareable policy"". If it finds something, a ""Softblock"" goes into effect silently, and if someone tries to share it, a ""Redline"" alert gets triggered for legal review.  It seems pretty self-contained, right? Internal policy, internal enforcement.

Now, let's look at the legal stuff. The glossaries of internal terms and the California Act seem completely unrelated. No direct parallels there. The EU DSA is the most relevant. But even there, it's about user rights, illegal content, and transparency. Articles about user reports (13), trusted flaggers (14), and recommendation systems (22) don't seem applicable here.

Article 15 on content moderation is the closest, but the ""Softblock"" thing is a silent user limitation. Is that the same as content moderation? It could be argued it is. DSA requires transparency and appeals, and we don't know much about these internal functions.  But this is *internal*, and it looks like it's enforcing rules on *internal* stuff rather than public posts. We don't even know what content the NSP covers – if it's internal documents, not user posts, it seems unlikely the DSA applies directly.

Considering the given regulations and the feature's description, the legal texts are focused on user-generated content and things the public sees. This feature seems more about company information not leaking, and the compliance focus is generally on public data. Thus, based solely on the provided information, I'm leaning towards ""no."" There's no direct trigger for a geo-specific compliance need here. It seems generic.
","This feature will automatically detect and tag content that violates NSP policy. Once flagged, Softblock is applied and a Redline alert is generated if downstream sharing is attempted."
T5 tagging for sensitive reports,Yes,"While the T5 tag is applied universally to high-risk reports, the subsequent escalation and handling of that content are subject to specific regional laws, such as the mandatory US NCMEC reporting requirements for CSAM.","US NCMEC Reporting Requirements (28 U.S. Code § 2258A), EU DSA","**Analyzing the ""T5 Tagging"" Feature for Compliance**

Okay, so I'm diving into this ""T5 tagging"" feature. The goal is to figure out if it needs special geo-specific rules. My gut feeling is it probably does, based on the nature of what it's dealing with: ""high-risk information.""

First, I looked at the feature description: users flag reports, they get a ""T5"" tag, the ""CDS"" system handles escalation, and it's supposedly ""universal."" That last bit jumped out at me because ""universal"" and ""compliance"" don't always mix well.

Then, I went through the legal texts. The *US NCMEC Reporting Requirements (28 U.S. Code § 2258A)* for CSAM is a big one. If a report contains suspected CSAM, and gets a ""T5"" tag, the US requires a specific report to NCMEC. No matter where the report originates, if it's potentially CSAM, the US has jurisdiction. That's a clear geo-specific action.

I also considered the *EU DSA*. It's about reporting illegal content, similar to the scope of ""high-risk information"". Even if the tagging is universal, *how* the CDS escalates those reports has to comply with EU rules. The EU might have different requirements for handling reports, even if the ""T5"" itself is the same.

The feature description saying it's universal is a bit misleading. The *tagging* process might be, but the *escalation* process, based on the content of those reports, will need to be geo-aware to handle both the US requirement to report CSAM and the EU requirements for illegal content handling. The ""CDS"" system needs geo-specific logic.

So, the flag is ""Yes."" The reasoning is: ""While the T5 tag is applied universally, the required escalation for high-risk content is dictated by geo-specific laws, such as US NCMEC reporting for CSAM and EU DSA rules for handling illegal content."" I'm including both the NCMEC and EU DSA because they both apply to the ""high-risk information"" the feature is handling and both involve mandatory, geo-specific actions that the CDS system must take.
","When users report content containing high-risk information, it is tagged as T5 for internal routing. CDS then enforces escalation. The system is universal and does not rely on regional toggles or GH routes."
Underage protection via Snowcap trigger,Yes,"The feature applies 'Age-sensitive logic' to underage users, and the provided legal texts for Florida and Utah outline different, geographically-specific requirements for minors that this logic must accommodate.","Florida Online Protections for Minors (HB3), Utah Social Media Regulation Act","**Analysis of ""Snowcap"" Feature for Geo-Specific Compliance**

Okay, here's my assessment of the ""Snowcap"" feature and its compliance implications. I've been given a product description and some relevant legal texts, and I need to determine if this feature requires geo-specific compliance logic and output a JSON object with a `flag`, `reasoning`, and `related_regulations`.

First, I looked at the feature description. ""Snowcap"" is about protecting underage users, which is a key concept. It uses ""Age-sensitive logic"" platform-wide. This already suggests a potential for geo-specific logic because ""underage"" is a legally defined term that varies between jurisdictions. The description also mentions ""CDS,"" which means this feature is directly tied to compliance.

Then, I analyzed the provided legal texts.  We have laws from Florida and Utah, which specifically outline requirements for minors, including age verification, parental controls, and nighttime restrictions.  I see a clear connection. These states have different rules, which means the ""Age-sensitive logic"" within ""Snowcap"" *must* differ depending on the user's location. The federal requirement for reporting CSAM is related to child safety but is a different aspect, more about content reporting rather than general age gating and feature restrictions like this one.

Connecting the feature and the regulations, it's clear the ""Snowcap"" framework needs geo-specific logic. Since the definition of ""underage"" varies and the regulations dictate different protections based on location, the ASL must adapt accordingly.

Finally, I constructed the JSON.  The `flag` is ""Yes"" because geo-specific logic is needed. The `reasoning` is that different regulations, like those from Utah and Florida, mandate different requirements for how to treat underage users.  The `related_regulations` include ""Florida Online Protections for Minors (HB3)"" and ""Utah Social Media Regulation Act"" as they are the most relevant, the ones dictating geographically-specific rules around protecting underage users.
","Snowcap is activated for all underage users platform-wide, applying ASL to segment accounts. Actions taken under this logic are routed to CDS and monitored using BB to identify deviations in usage."
Universal PF deactivation on guest mode,Yes,"The feature provides an opt-out from a personalized, algorithmic feed, which directly addresses requirements for recommendation system control found in the EU DSA and the California Protecting Our Kids from Social Media Addiction Act.","EU DSA, California Protecting Our Kids from Social Media Addiction Act","**Analysis of Personalized Feed Deactivation in Guest Mode**

Alright, let's break this down. My analysis tells me that this ""Universal PF (Personalized Feed) deactivation on guest mode"" feature is a clear win in terms of compliance. The user wants me to act as a compliance officer, and the analysis supports a ""Yes"" flag.

The core of the feature is turning off personalized content by default for users in ""guest mode"". From a compliance standpoint, this aligns perfectly with key legal texts like the EU DSA and the California Protecting Our Kids from Social Media Addiction Act. The EU DSA highlights ""Recommendation system transparency and user opt-out functionality"", and deactivating the personalized feed in guest mode is a form of pre-emptive opt-out. It gives users control, which is the core tenet of the regulation.

The California act specifically calls for options to opt-out of algorithmic content suggestions, especially for minors. Although this feature applies to all guest users, it contributes to a wider opt-out strategy, which could be relevant to the California regulations. Even if it's not directly targeting minors, it's a step in that direction.

The geographical aspect is key here. While the feature is universal, the *reason* for implementing this is likely driven by these geo-specific regulations. These regulations explicitly necessitate giving users control over their content, and this feature is a direct response to this need.

My reasoning boils down to this: The feature provides an opt-out from a personalized feed, which is a specific requirement for user control over algorithmic recommendations under regulations like the EU DSA and the California Protecting Our Kids from Social Media Addiction Act. The related regulations are the EU DSA and the California Protecting Our Kids from Social Media Addiction Act. That's a solid foundation for compliance.
","By default, PF will be turned off for all uses browsing in guest mode."
Story resharing with content expiry,Yes,"The feature logs user activity, which must be accessible to parents of minors under the Utah Social Media Regulation Act, and the feature itself may need to be restrictable via geo-specific parental controls.",Utah - Social Media Regulation Act,"**Analysis of ""Story Resharing with Content Expiry"" Feature for Compliance**

Okay, so I'm tasked with assessing whether the ""story resharing with content expiry"" feature requires specific geo-based compliance logic. I need to generate a JSON output based on the provided legal texts, specifically focusing on the Utah Social Media Regulation Act.

First, I looked at the feature itself: it's essentially content sharing with a time limit. It logs activity with ""EchoTrace"" and stores it under ""BB"" for anomaly detection. Doesn't seem inherently problematic, but the devil's in the details, especially regarding minors.

Then I delved into the Utah law. Parental consent, access, nighttime restrictions, age verification, parental controls, algorithm transparency, advertising restrictions, and data protection for minors are all key aspects. It's clear this law is designed to give parents more control over their children's online experiences.

My thought process led me to connect the feature to these requirements. While the core ""resharing"" functionality isn't intrinsically problematic, the context *is*. The Utah law explicitly mentions parental controls to restrict features and the necessity of access to activity logs. The ""story resharing"" feature logs user activity, which ties directly into those parental access requirements. This means that a minor's ability to use the ""resharing"" feature, and the related logs, could be subject to restrictions and review under the law.

The ""EchoTrace"" detail solidified my thinking: this feature *knows* it needs to route data to different compliance regimes based on user geo-location.

Therefore, the feature *does* require geo-specific logic. It has to know if a user is a minor in Utah to apply the correct parental controls and log the appropriate data for parental review.

My final output is:

```json
{
  ""flag"": ""Yes"",
  ""reasoning"": ""The feature logs user activity which must be made available to parents of minors in Utah, and the feature itself may need to be restrictable via parental controls as mandated by the Utah Social Media Regulation Act."",
  ""related_regulations"": [
    ""Utah - Social Media Regulation Act""
  ]
}
```

This JSON accurately reflects the need for geo-specific compliance considerations.
","Enable users to reshare stories from others, with auto-expiry after 48 hours. This feature logs resharing attempts with EchoTrace and stores activity under BB."
Leaderboard system for weekly creators,Uncertain,The feature's compliance requirements are uncertain because it is unclear if the creator leaderboard is a public-facing feature that could be classified as a recommendation system under regulations like the EU DSA.,EU DSA,"**Compliance Analysis of ""Weekly Creator Leaderboard"" Feature**

Okay, so I've got to analyze this new ""Weekly Creator Leaderboard"" feature against some relevant legal texts. My first thought is, this is pretty vague. The description is light on details, so I'll need to make some assumptions. 

Basically, it's a ranking system for creators, updated weekly based on some ""internal analytics."" Sounds internal at first glance. It's stored in FR (Feature Rollout) metadata and tracked using IMT (Internal Monitoring Trigger). All this internal jargon makes me lean toward the feature being for internal use, but I can't be sure. 

I've got a list of relevant regulations to consider, and the biggest concern here seems to be the EU DSA. Specifically, Article 22, the one about transparency in recommendation systems. If this leaderboard is shown to users, it could be seen as a recommendation system, and then we'd have to make sure we're being transparent about how it works. That's a huge ""if,"" though. The description is too vague for me to be certain. 

Then there are the California and Florida laws about protecting minors. If minors are participating in this leaderboard, that introduces another layer of complexity. But the feature description doesn't mention minors, so I'm putting that aside for now.

Given the information I have, I'm going with ""Uncertain"" as the flag. I can't determine if this is a public recommendation system or an internal tool. My reasoning is that the feature's compliance needs are uncertain because it's unclear if the leaderboard is public-facing and could be considered a recommendation system under the EU DSA.

As for the regulations, the EU DSA, and more specifically Article 22 on transparency of recommendation systems, is the key regulation to keep an eye on. I need to know more about the audience and purpose of this leaderboard. The JSON I'm going to put together will look like this:

```json
{
  ""flag"": ""Uncertain"",
  ""reasoning"": ""The feature's compliance requirements are uncertain because it is unclear if the creator leaderboard is a public-facing feature that could be classified as a recommendation system under regulations like the EU DSA."",
  ""related_regulations"": [""EU DSA""]
}
```
",Introduce a creator leaderboard updated weekly using internal analytics. Points and rankings are stored in FR metadata and tracked using IMT.
Mood-based PF enhancements,Yes,"The feature uses profiling (inferred mood) to power a recommendation system, which directly triggers transparency and user opt-out requirements under regulations like the EU's DSA (Article 22).","EU DSA, California Protecting Our Kids from Social Media Addiction Act","**Compliance Analysis of Mood-based PF Enhancements**

Okay, so I've been tasked with analyzing this ""Mood-based PF enhancements"" feature. My primary goal here is to determine if we need specific geo-compliance logic, particularly based on the legal texts provided.

First, I need to understand the feature itself. It's essentially a personalization enhancement for the feed, driven by inferred mood signals from a user's emoji usage. That's a recommendation system, plain and simple, and it's using user profiling (emoji usage) to adjust the feed. The specifics of the implementation—like ""soft-tuned using BB"" or ""Quiet testing in ShadowMode""—are interesting for developers, but less relevant to my compliance analysis at this stage. I'm focusing on the *what* and *why* more than the *how* right now.

Next up, I dive into the legal texts. My radar is up for anything related to recommendation systems, user profiling, and transparency. The EU DSA summary immediately jumps out with the ""Pathfinder"" codename—that's directly about recommendation system transparency and user opt-out functionality. Bingo! This feature is a match. The California act also grabs my attention, particularly the ""BrightLine"" codename—that's all about transparency reports on algorithmic recommendations affecting minors. And, ""ScrollStop"" feels relevant too—this mood-based feed could be perceived as an ""addictive feature,"" especially if it's designed to keep users engaged based on their emotional state, particularly minors. The Florida law is less directly applicable but helps confirm the focus on access control for minors, which is less relevant to the mood-based recommendation system.

Article 22 of the EU DSA seals the deal. It states platforms must explain why users see specific content and provide an opt-out for profiling-based recommendations. This feature is *exactly* that. It’s a recommendation based on user profiling. This is a clear indicator of geo-specific compliance requirements for the EU. The reporting requirements under Article 26 further solidify the need for action.

Putting it all together, this is straightforward. We have a recommendation system based on user profiling. The EU DSA demands transparency and opt-out options. California requires similar transparency for minors. Therefore, we absolutely need specific geo-logic here.

The feature is clearly using profiling to drive a recommendation system, directly triggering compliance requirements. So, yes, we need to flag this.

The relevant regulations here are the EU DSA and the California Protecting Our Kids from Social Media Addiction Act.

Here's my final JSON:

```json
{
  ""flag"": ""Yes"",
  ""reasoning"": ""The feature uses profiling (inferred mood from emoji usage) to alter a recommendation system, which directly triggers transparency and user opt-out requirements under regulations like the EU's Digital Services Act (DSA)."",
  ""related_regulations"": [
    ""EU DSA"",
    ""California Protecting Our Kids from Social Media Addiction Act""
  ]
}
```

That should cover it. Ready to move on to the next one.
",Adjust PF recommendations based on inferred mood signals from emoji usage. This logic is soft-tuned using BB and undergoes quiet testing in ShadowMode.
New user rewards via NR profile suggestions,Yes,"The feature is a recommendation system, which is explicitly regulated under the EU DSA (requiring transparency and opt-out) and the California Protecting Our Kids from Social Media Addiction Act (requiring transparency for minors).","EU DSA, California Protecting Our Kids from Social Media Addiction Act","**Analysis of ""New User Rewards"" Feature for Geo-Specific Compliance**

Okay, so I'm analyzing this ""New user rewards via NR profile suggestions"" feature to see if we need region-specific logic, specifically for the EU, California, and Florida.  My main objective here is to figure out if any of the provided legal texts apply to this feature.

First, I need to understand the feature itself. It's essentially a profile recommendation system for new users during onboarding. The algorithm suggests profiles for these users to follow.  The A/B testing implementation using Spanner is irrelevant to the compliance issue itself, so I can set that aside for now.

Then, I went through each of the legal texts. The EU DSA immediately caught my eye with its emphasis on recommendation system transparency and user opt-out (codename ""Pathfinder"").  Since our feature *is* a recommendation system, this strongly indicates a ""Yes"" – we'll need EU-specific logic.

Next, California's Protecting Our Kids Act is relevant as well. Section 4 requires transparency about algorithmic recommendations, which directly applies here. The 'BrightLine' codename reinforces this need for transparency regarding algorithmic recommendations that affect minors. So, we'll need California-specific logic too.

Florida's law is a bit trickier. It focuses on age verification and parental consent more than recommendation systems. If the recommended profiles could contain ""adult content,"" then age verification would come into play.  However, from the provided feature description, it's difficult to determine this.

Overall, the EU DSA and California's law are very clear.  The recommendation system aspects trigger specific requirements in both regions. We *absolutely* need to adapt the feature for the EU and for minors in California, most likely through some sort of age gating.

Therefore, my final recommendation is ""Yes."" We definitely need geo-specific compliance logic for this feature. The related regulations are the EU DSA (because of Pathfinder) and the California Protecting Our Kids from Social Media Addiction Act (because of Section 4 and BrightLine). I'll formulate my answer in a JSON format as instructed, and it'll look something like this:

```json
{
  ""flag"": ""Yes"",
  ""reasoning"": ""The feature is a recommendation system, which is explicitly regulated under the EU DSA (requiring transparency and opt-out) and the California Protecting Our Kids from Social Media Addiction Act (requiring transparency for minors)."",
  ""related_regulations"": [
    ""EU DSA"",
    ""California Protecting Our Kids from Social Media Addiction Act""
  ]
}
```
","At onboarding, users will receive NR-curated profiles to follow for faster network building. A/B testing will use Spanner."
Creator fund payout tracking in CDS,No,"The feature concerns internal financial payout tracking and anomaly detection, which is not covered by the provided legal texts that focus on content moderation, minor protection, and illegal content reporting.",,"**Analysis of Creator Fund Payout Tracking Feature for Geo-Specific Compliance**

Okay, so I'm diving into this ""Creator fund payout tracking"" feature within the CDS. The goal is clear: figure out if this needs any region-specific compliance logic based on the legal texts provided.  I need to assess whether the way we're tracking payouts to creators and looking for anomalies triggers any of these regulations.

First, I looked closely at the feature description.  It's all about an internal system for identifying fraudulent payouts and tracking monetization events. It involves data retention policies for log trimming. The core functionality centers on financial transactions and internal security.  Nothing here screams ""user-facing content"" or ""minor protection"" directly.

Now, the legal texts.  The EU DSA? It's about content moderation, user rights, and advertising transparency – nothing related to internal financial processes.  The California Protecting Our Kids Act is about age limits and disabling addictive features for minors, completely irrelevant.  The NCMEC stuff?  That's reporting child sexual abuse material – a very specific legal requirement totally disconnected from creator payouts.  The internal glossaries (ParentView, AlgoClear, etc.) are focused on protecting minors and transparency, but again, nothing directly ties into how we manage and monitor payouts.

Based on this analysis, there's no overlap.  The feature is about financial tracking and internal security, whereas the regulations are about content moderation, user rights, and reporting illegal content.  There's a clear disconnect.  It looks like this is a standard internal business process that doesn't trigger the need for geo-specific logic based on the provided material.

Therefore, the flag is ""No."" The reasoning is simple: the feature concerns internal financial payout tracking and anomaly detection, which is not covered by the provided legal texts that focus on content moderation, minor protection, and illegal content reporting.  The ""related_regulations"" list is empty as the feature doesn't directly implicate the provided regulations.  I'm confident in my assessment.
",Monetization events will be tracked through CDS to detect anomalies in creator payouts. DRT rules apply for log trimming.
Trial run of video replies in EU,Yes,"The feature introduces a new form of user-generated content specifically in the EU, which must comply with the EU Digital Services Act's requirements for content moderation and illegal content reporting.",EU Digital Services Act (DSA),"**Feature Compliance Analysis: Video Replies in the EEA**

Okay, so I've got this ""Trial run of video replies in EU"" feature to analyze for compliance. My initial impression is that this is going to be straightforward, but as always, I need to be thorough. First, I need to understand the scope. This is video replies specifically for the EEA, handled by the ""Geo-handler"" and baselined by ""BB"". So, it's targeted and controlled.

Now, the relevant laws. The EU Digital Services Act (DSA) jumps out immediately. This isn't just a video *feature*, it's user-generated content, which falls squarely under the DSA. The DSA is all about content moderation, reporting, and taking down illegal content, which includes all sorts of material, including video replies. So, Article 13 (Notice and Action Mechanisms) and Article 14 (Trusted Flaggers) of the DSA are *definitely* relevant. This means we'll need to make sure that our existing moderation and reporting systems, like 'Redflag' and 'EagleEye,' are fully integrated for this new video format.

The California and US laws are less of a direct concern here. Those regulations aren't applicable in the EEA, but of course we have to report CSAM everywhere.

My conclusion is: **Yes**, we need geo-specific compliance logic. The DSA applies directly to user-generated content in the EU. We have to ensure our moderation and reporting systems handle the new video reply format effectively.

Therefore, my JSON response will be:

```json
{
  ""flag"": ""Yes"",
  ""reasoning"": ""The feature introduces a new form of user-generated content in the EU, which must comply with the EU Digital Services Act's requirements for content moderation and illegal content reporting."",
  ""related_regulations"": [""EU Digital Services Act (DSA)""]
}
```

This should be a solid and compliant assessment.
","Roll out video reply functionality to users in EEA only. GH will manage exposure control, and BB is used to baseline feedback."
Canada-first PF variant test,No,"The feature is being launched specifically in Canada, but none of the provided legal texts mention regulations applicable to that jurisdiction.",,"**My Analysis of the ""Canada-first PF Variant Test""**

Okay, here's how I'm approaching this: I'm acting as the compliance officer, analyzing this product feature within the very specific parameters given.  My job is to determine if we need geo-specific compliance logic based *solely* on the provided information – the feature description and the listed legal texts.

First, I clarified the goal: is the ""Canada-first PF variant test"" going to trigger any compliance needs due to Canadian regulations?

I started with the product feature itself, breaking it down. It's a ""Personalized feed"" (which always raises red flags for me in a compliance context, as they're under scrutiny in several regions), specifically a variant being tested *in Canada*.  ""Glow"" is interesting. I know that word is used internally for ""compliance-flagging status,"" but the details are important.

Then I moved to the legal texts. My task here is straightforward: Do these regulations relate to a *personalized feed* and do any of them apply to Canada?  The provided texts cover EU DSA, California's Protecting Our Kids Act, Florida's Online Protections for Minors (HB3), and US NCMEC reporting. I flagged that the EU DSA touches on user profile customization, recommendation transparency, and user opt-out features, which is very relevant to personalized feeds. However, the EU regulation is for the European Union, not Canada. California and Florida regulations deal with algorithmic recommendations, particularly concerning minors. The NCMEC reporting is important for all platforms that have user content, but it's not specifically related to the core function of the personalized feed.

Here's the crucial part of my analysis: *None of these regulations specifically mention Canada*. The feature launches in Canada.

So, I had to synthesize everything.  The prompt made it clear I'm limited to this analysis. I see that personalized feeds are a compliance focus, and that my company appears to use compliance monitoring tools.  However, *based solely on these legal texts,* there's nothing in there that directly applies to this Canada-only feature launch.  If a Canadian regulation was in these texts, my answer would be different. Since it isn't, my job is to follow the data.

I initially considered ""Uncertain"" if the ""provided texts hint at complexity,"" but a personalized feed is *always* complex. The instructions specifically said to base my answer on *these* texts and the feature description.  In this context, while I know *generally* that a launch in Canada may trigger compliance considerations, *given this information,* I need to stay within the lines drawn by the prompt and answer accordingly.

So, my conclusion is ""No.""  Based solely on the provided legal texts, I don't see anything requiring geo-specific compliance logic for the ""Canada-first PF variant test.""  My response will be:

```json
{
  ""flag"": ""No"",
  ""reasoning"": ""The feature is being launched in Canada, but none of the provided legal texts (which cover the EU, California, Florida, and US federal law) apply to this jurisdiction."",
  ""related_regulations"": []
}
```

This is the most accurate response *based on the constraints of this exercise*.  My internal sense as a compliance expert would likely be to double-check with Canadian legal counsel.
",Launch a PF variant in CA as part of early experimentation. Spanner will isolate affected cohorts and Glow flags will monitor feature health.
Chat UI overhaul,No,"The feature is a user interface redesign for a chat layout, which does not directly implicate the provided regulations concerning content moderation, recommendation transparency, or addictive features for minors.",,"**Initial Assessment: Chat UI Overhaul**

Okay, so I'm presented with a ""Chat UI overhaul"" feature and asked to play compliance officer. My first thought? This seems straightforward, but I need to be thorough. The feature description is simple: a new chat layout is being tested in a few regions (CA, US, BR, ID). It's using geo-targeting and something called ""ShadowMode"" for metric collection. Essentially, it's a UI redesign.  My job is to see if this triggers anything in the relevant legal texts.

I've been given summaries of the EU Digital Services Act (DSA) and the California Protecting Our Kids from Social Media Addiction Act. The DSA focuses on things like content recommendations, reporting illegal content, and transparency.  I've been briefed on the internal codenames that are relevant there.  But this is just a UI change. It's not about content moderation or recommendations, so I don't see any immediate red flags related to the DSA.

Next, I look at the California Act. This one's about protecting minors from addiction. Think age verification, addictive features (like infinite scroll), and parental controls.  Again, the description just says it's a ""layout"" change.  Unless this new layout somehow *introduces* addictive features like autoplay or infinite scroll *specifically*, it doesn't seem to apply.  The description is just too vague. There's no mention of those topics. I'm looking for specifics, and it's not here.

The geo-targeting is interesting, but I have to remember that it's for A/B testing and a phased rollout, not necessarily for a *legal requirement*. It doesn't appear the change itself requires special regional logic dictated by either law.

My conclusion is pretty clear, based *solely* on the provided information.  This doesn't seem to trigger compliance requirements. The ""Chat UI overhaul"" is a visual redesign. No content moderation, no addictive features, no transparency issues related to the given regulations.  The geo-targeting isn't used for compliance, but for product rollout and A/B testing.

So, I'm comfortable saying ""No flag"" is appropriate here. The ""reasoning"" is simply that the UI change doesn't intersect with the specific compliance requirements outlined.  I'd generate a JSON response with ""flag"": ""No"", ""reasoning"" as described, and an empty ""related_regulations"" array.  I always double-check. Could a chat layout be addictive? Maybe, but it doesn't say that this redesign includes infinite scroll or anything along those lines. Too generic to assume anything. All things considered, I don't see any obvious compliance issues here.
","A new chat layout will be tested in the following regions: CA, US, BR, ID. GH will ensure location targeting and ShadowMode will collect usage metrics without user impact."
Regional trial of autoplay behavior,Yes,"The feature enables video autoplay, which is explicitly regulated as an 'addictive feature' for minors under the California Protecting Our Kids from Social Media Addiction Act.",California - Protecting Our Kids from Social Media Addiction Act,"**Analysis of ""Regional Trial of Autoplay Behavior"" for Compliance**

Okay, here's my breakdown of the ""Regional trial of autoplay behavior"" feature, viewed through a compliance lens. First, my primary goal is clear: assess if this feature needs geo-specific compliance logic and provide a specific JSON output. I'll need to meticulously examine the provided legal texts, specifically targeting ""autoplay"" considerations.

The feature itself is straightforward: a regional test of video autoplay for US users, handled via the Geo-handler (GH) and Spanner for logging.  The key is that this is *already* geographically targeted. So, my focus shifts to understanding whether the legal landscape requires us to make further distinctions within the US, regarding autoplay behavior.

I've carefully reviewed the EU DSA summary and found no direct relevance to ""autoplay"". However, the *California* law is a crucial find. The ""Protecting Our Kids from Social Media Addiction Act"" is a direct hit with ""ScrollStop"" codename. Section 1 explicitly defines ""autoplay videos"" as an ""addictive feature,"" a core concern of this legislation. Since the test includes California, this law necessitates specific logic to handle minors. The legislation is clear. We're directly dealing with something that has jurisdiction. This becomes a core part of the feature, which I'll have to consider.

Florida's HB3, while relevant for parental controls in general, doesn't directly address ""autoplay"" like the California law does. Therefore, my focus remains squarely on California.

Therefore, the JSON output is the following:

```json
{
  ""flag"": ""Yes"",
  ""reasoning"": ""The feature enables video autoplay, which is explicitly regulated as an 'addictive feature' for minors under the California Protecting Our Kids from Social Media Addiction Act."",
  ""related_regulations"": [
    ""California - Protecting Our Kids from Social Media Addiction Act""
  ]
}
```

This reflects my understanding: The ""autoplay"" feature *does* require geo-specific compliance due to the California law and must include logic to handle the state. I am now confident that this conclusion is sound and based on a detailed analysis of the available information.
","Enable video autoplay only for users in US. GH filters users, while Spanner logs click-through deltas."
South Korea dark theme A/B experiment,No,"The feature is a cosmetic UI experiment (dark theme) and does not intersect with the provided regulations concerning minor safety, content moderation, or data privacy.",,"**Analysis of South Korea Dark Theme A/B Test**

Okay, so I've been asked to review this ""South Korea dark theme A/B experiment"" from a compliance standpoint. My initial thought is, this seems straightforward, but let's be thorough. The feature itself is a cosmetic UI change – a dark mode – being tested specifically with users in South Korea.

I've been given some legal texts to consider: Florida's Online Protections, the EU DSA, California's Social Media Addiction Act, and Utah's Social Media Regulation Act. These are all focused on user safety, particularly regarding minors, data privacy, transparency, and content moderation. We're talking age verification, parental controls, reporting tools, and limitations on addictive features.

Now, looking at the dark theme A/B test, it's immediately clear that it doesn't fall under any of these categories. A dark theme has nothing to do with age verification, parental controls, content moderation, or data privacy. It's a purely aesthetic change. The fact that it's geo-limited to South Korea is for the purpose of the test itself, to target a specific user base, not because of any legal requirement I can see. Those regulations are for completely different jurisdictions.

Therefore, my conclusion is that this feature doesn't trigger any compliance concerns based on the provided legal texts. The geo-limitation is unrelated to compliance, or at least, not triggered by any of these texts. A dark theme experiment is well outside the scope of these regulations.

So, for the JSON output: the ""flag"" is ""No,"" indicating no compliance issues. The ""reasoning"" is: ""The feature is a cosmetic UI experiment (dark theme) and does not intersect with the provided regulations concerning minor safety, content moderation, or data privacy."" And finally, ""related_regulations"" is an empty array, as none of the provided regulations are relevant. This is a clear-cut case, in my expert opinion.
",A/B test dark theme accessibility for users in South Korea. Rollout is limited via GH and monitored with FR flags.
Age-specific notification controls with ASL,Yes,"The feature directly implements the legal requirement to disable or make push notifications optional for minors, as specified in the provided texts concerning addictive features.","Utah Social Media Regulation Act, Florida Online Protections for Minors (HB3)","**Analysis of Age-Specific Notification Controls for Geo-Specific Compliance**

Okay, so I've been asked to analyze this ""Age-specific notification controls"" feature, specifically looking for geo-specific compliance needs.  My immediate goal is to determine if this requires specific regional logic, and I need to output a neat JSON object with a flag, reasoning, and related regulations.  I've got the product description and some legal texts to work with.

First, the feature itself: it's all about tailoring notifications based on a user's age, with the ability to either *throttle* or *suppress* push alerts for minors.  They're using ""ASL"" (age-sensitive logic) and logging adjustments with ""EchoTrace"" while the ""CDS"" verifies enforcement.  Essentially, it's notification management based on age verification.

Now, the legal texts. I've got a glossary from the Utah Social Media Regulation Act and another from the Florida Online Protections for Minors (HB3), plus a generic ""Section"" text that looks like a summary of laws. I've gone through each glossary entry, really focusing on anything related to minors and notifications.  Most of it is about age verification, parental controls, and content labeling—not directly on point. Then I discovered Section 3, in the generic text: that's where the *gold* is. It specifically states that push notifications *must* be disabled or optional for minors.  Bingo! That’s the key.

This generic Section seems to be summarizing some aspects of the Utah and Florida laws. I'm inferring that because that's what's been provided.  The feature *directly* addresses this specific requirement. It's built to *control* push notifications, and that's precisely what's called for. The other regulations, while related, don't mandate controlling push notifications explicitly.

So, here's my verdict: the `flag` will be ""Yes"".  The product feature is clearly designed to comply with a law that mandates controlling push notifications for minors. The `reasoning` is because the system implements the legal requirement to disable or make push notifications optional for minors, as stated in the generic text based on the Utah and Florida laws. I should have `related_regulations` listed as: ""Utah Social Media Regulation Act"" and ""Florida Online Protections for Minors (HB3)"".

My final JSON response will be something similar to this, formatted as requested:
```json
{
  ""flag"": ""Yes"",
  ""reasoning"": ""The feature directly addresses the legal requirement to disable or make push notifications optional for minors, which is explicitly mentioned in the provided texts."",
  ""related_regulations"": [
    ""Utah Social Media Regulation Act"",
    ""Florida Online Protections for Minors (HB3)""
  ]
}
```
That should be sufficient to indicate that geo-specific compliance logic is needed for this feature based on the texts and my analysis.
","Notifications will be tailored by age using ASL, allowing us to throttle or suppress push alerts for minors. EchoTrace will log adjustments, and CDS will verify enforcement across rollout waves."
Chat content restrictions via LCP,Error,"An exception occurred during analysis: 429 RESOURCE_EXHAUSTED. {'error': {'code': 429, 'message': 'You exceeded your current quota, please check your plan and billing details. For more information on this error, head to: https://ai.google.dev/gemini-api/docs/rate-limits.', 'status': 'RESOURCE_EXHAUSTED', 'details': [{'@type': 'type.googleapis.com/google.rpc.QuotaFailure', 'violations': [{'quotaMetric': 'generativelanguage.googleapis.com/generate_content_free_tier_requests', 'quotaId': 'GenerateRequestsPerMinutePerProjectPerModel-FreeTier', 'quotaDimensions': {'location': 'global', 'model': 'gemini-2.5-pro'}, 'quotaValue': '2'}]}, {'@type': 'type.googleapis.com/google.rpc.Help', 'links': [{'description': 'Learn more about Gemini API quotas', 'url': 'https://ai.google.dev/gemini-api/docs/rate-limits'}]}, {'@type': 'type.googleapis.com/google.rpc.RetryInfo', 'retryDelay': '43s'}]}}",,"An error occurred, so no thought process could be generated: 429 RESOURCE_EXHAUSTED. {'error': {'code': 429, 'message': 'You exceeded your current quota, please check your plan and billing details. For more information on this error, head to: https://ai.google.dev/gemini-api/docs/rate-limits.', 'status': 'RESOURCE_EXHAUSTED', 'details': [{'@type': 'type.googleapis.com/google.rpc.QuotaFailure', 'violations': [{'quotaMetric': 'generativelanguage.googleapis.com/generate_content_free_tier_requests', 'quotaId': 'GenerateRequestsPerMinutePerProjectPerModel-FreeTier', 'quotaDimensions': {'location': 'global', 'model': 'gemini-2.5-pro'}, 'quotaValue': '2'}]}, {'@type': 'type.googleapis.com/google.rpc.Help', 'links': [{'description': 'Learn more about Gemini API quotas', 'url': 'https://ai.google.dev/gemini-api/docs/rate-limits'}]}, {'@type': 'type.googleapis.com/google.rpc.RetryInfo', 'retryDelay': '43s'}]}}","Enforce message content constraints by injecting LCP rules on delivery. ShadowMode will initially deploy the logic for safe validation. No explicit mention of legal requirements, but privacy context is implied."
Video upload limits for new users,Error,"An exception occurred during analysis: 429 RESOURCE_EXHAUSTED. {'error': {'code': 429, 'message': 'You exceeded your current quota, please check your plan and billing details. For more information on this error, head to: https://ai.google.dev/gemini-api/docs/rate-limits.', 'status': 'RESOURCE_EXHAUSTED', 'details': [{'@type': 'type.googleapis.com/google.rpc.QuotaFailure', 'violations': [{'quotaMetric': 'generativelanguage.googleapis.com/generate_content_free_tier_requests', 'quotaId': 'GenerateRequestsPerMinutePerProjectPerModel-FreeTier', 'quotaDimensions': {'location': 'global', 'model': 'gemini-2.5-pro'}, 'quotaValue': '2'}]}, {'@type': 'type.googleapis.com/google.rpc.Help', 'links': [{'description': 'Learn more about Gemini API quotas', 'url': 'https://ai.google.dev/gemini-api/docs/rate-limits'}]}, {'@type': 'type.googleapis.com/google.rpc.RetryInfo', 'retryDelay': '39s'}]}}",,"An error occurred, so no thought process could be generated: 429 RESOURCE_EXHAUSTED. {'error': {'code': 429, 'message': 'You exceeded your current quota, please check your plan and billing details. For more information on this error, head to: https://ai.google.dev/gemini-api/docs/rate-limits.', 'status': 'RESOURCE_EXHAUSTED', 'details': [{'@type': 'type.googleapis.com/google.rpc.QuotaFailure', 'violations': [{'quotaMetric': 'generativelanguage.googleapis.com/generate_content_free_tier_requests', 'quotaId': 'GenerateRequestsPerMinutePerProjectPerModel-FreeTier', 'quotaDimensions': {'location': 'global', 'model': 'gemini-2.5-pro'}, 'quotaValue': '2'}]}, {'@type': 'type.googleapis.com/google.rpc.Help', 'links': [{'description': 'Learn more about Gemini API quotas', 'url': 'https://ai.google.dev/gemini-api/docs/rate-limits'}]}, {'@type': 'type.googleapis.com/google.rpc.RetryInfo', 'retryDelay': '39s'}]}}",Introduce limits on video uploads from new accounts. IMT will trigger thresholds based on BB patterns. These limitations are partly for platform safety but without direct legal mapping.
Flag escalation flow for sensitive comments,Yes,"The feature's function of detecting and escalating high-risk content directly aligns with the EU Digital Services Act's requirements for notice-and-action mechanisms and trusted flaggers, which necessitates geo-specific logic for the EU.",EU Digital Services Act (DSA),"**Initial Assessment of ""Flag Escalation Flow for Sensitive Comments""**

Okay, so I need to analyze this new feature, ""Flag escalation flow for sensitive comments,"" and determine if it requires any geo-specific compliance logic.  My initial impression is that it's designed to be a general content moderation system. It detects potentially high-risk comments and routes them through our Compliance Detection System (CDS) for legal review using Redline markers. The key detail is that the description states the logic applies ""generally"" and there's ""no mention of regional policies."" This suggests a global approach, which is a good starting point but can quickly get complicated.

I've reviewed the relevant legal texts, starting with the EU Digital Services Act (DSA). The DSA mandates specific ""Notice and Action Mechanisms"" (Article 13) and considers ""Trusted Flaggers"" (Article 14).  Interestingly, the internal codenames Redflag and EagleEye seem to align with these DSA requirements. Since the feature directly relates to handling potentially illegal content, it must comply with the DSA within the EU.  The ""general"" description becomes a problem here because to be compliant in the EU, the system must handle user reports, and trusted flagger reports, in alignment with DSA's rules. That means regional, specific logic is needed, despite the description.

Next, I looked at the California Protecting Our Kids from Social Media Addiction Act. This act seems primarily concerned with minors, specifically around time limits, addictive features, and content labeling. The `RedAlert` codename for reporting harmful content to minors could be applicable if the flagged ""sensitive comments"" include content that targets minors.

The Utah Social Media Regulation Act is mainly about age verification and parental controls. It doesn't have a direct equivalent for our feature's content moderation flow.

Based on this analysis, while the feature description suggests a general approach, it directly intersects with the requirements of the EU DSA, and potentially California's regulations related to minors. A general implementation won't be sufficient in regions with specific regulations like the EU, where DSA compliance is mandatory.

Therefore, the flag should be ""Yes."" The feature's function of detecting and escalating high-risk content directly intersects with the EU Digital Services Act's requirements for notice-and-action mechanisms, necessitating specific logic for the EU region. Specifically, the regulation most directly applicable is the EU Digital Services Act (DSA).

Here's the JSON output:
```json
{
  ""flag"": ""Yes"",
  ""reasoning"": ""The feature's function of detecting and escalating high-risk content directly intersects with the EU Digital Services Act's requirements for notice-and-action mechanisms, necessitating specific logic for the EU region."",
  ""related_regulations"": [
    ""EU Digital Services Act (DSA)""
  ]
}
```
","A flow that detects high-risk comment content and routes it via CDS with Redline markers. The logic applies generally and is monitored through EchoTrace, with no mention of regional policies."
User behavior scoring for policy gating,No,"The feature describes an internal behavioral scoring system for tool access, which does not match any of the user-facing compliance features for minors, content moderation, or transparency described in the legal texts.",,"**Analysis of ""User Behavior Scoring for Policy Gating"" Feature**

Okay, so I've been asked to review this ""User behavior scoring for policy gating"" feature and determine if it triggers any geo-specific compliance needs based on the given legal texts. Let's break this down.

First, I need to understand what this feature *is*. It's a system that scores user behavior, probably looking for anomalies from a baseline, and then uses that score to decide if a user gets access to certain internal tools. From the description, it sounds like a security measure or anti-abuse tool, not something directly related to user-facing content or data privacy in a way that typically falls under these laws.

Now, let's look at the legal texts. We have the EU DSA, the California ""Protecting Our Kids"" act, Florida's HB3, and the Utah Social Media Regulation Act. I've compared the feature's function against the requirements listed for each law, focusing on the specific codenamed features related to content moderation, age verification, parental controls, and transparency. In my analysis, none of the listed codenamed features match the functionality of the user behavior scoring.

*   **EU DSA:** This is about things like illegal content, recommendation transparency, and ad transparency. This scoring system doesn't seem to be involved in any of those areas.
*   **California, Florida, Utah:** These laws deal with protecting minors, requiring age verification, parental controls, and transparency for users under 18. The scoring system doesn't seem to touch any of those areas.

Based on this analysis, I'm confident that the answer is ""No"". My reasoning is straightforward: this is a backend behavior scoring system for internal access control, and it doesn't align with the legal requirements related to minors, content moderation, or transparency that are in the texts provided. Since none of the regulations apply, the `related_regulations` field should be an empty list. So, the JSON should look like this:

```json
{
  ""flag"": ""No"",
  ""reasoning"": ""The feature is an internal behavioral scoring system for tool access, which does not align with the provided regulations concerning minors, content moderation, or transparency."",
  ""related_regulations"": []
}
```

This should be a clean, safe, and solid recommendation, given the information at hand.
",Behavioral scoring via Spanner will be used to gate access to certain tools. The feature tracks usage and adjusts gating based on BB divergence.
Minor-safe chat expansion via Jellybean,Yes,"The feature implements parental controls and age-sensitive logic, which directly corresponds to the specific requirements for managing minor accounts mandated by state-level regulations like the Florida Online Protections for Minors (HB3).","Florida Online Protections for Minors (HB3), Utah Social Media Regulation Act","**Feature Compliance Analysis: Minor-Safe Chat Expansion**

Alright, let's break this down. My task is to assess if this ""Minor-safe chat expansion"" needs geo-specific compliance. Looking at the ""Jellybean"" feature, it's clear we're dealing with parental controls and age-sensitive logic, particularly around limiting media sharing for minors.  That's my starting point.

First, I identified the key elements: chat expansion, parental controls (""Jellybean""), feature limitations for minors (like media sharing), and age-sensitive logic (""ASL"").  Then I dug into the legal texts provided.  Florida's HB3 and Utah's act both stress the importance of parental consent, parental control tools, and age verification.  The feature directly addresses this, especially with its ""Jellybean"" system, which *is* a parental control tool. The ""ASL"" component and the feature limitations are designed to meet this.

The crucial link is that these state laws (Florida and Utah) *require* parental control and content access management for minors.  This feature's focus on limiting media sharing through a parental control system fits that perfectly.  Therefore, geo-specific logic is necessary. We need to account for specific state regulations, potentially different definitions of ""minor,"" varying consent requirements, and perhaps nuances in the scope of parental control tools.  The feature is designed to comply with these *types* of requirements.

Based on this, my analysis dictates a ""Yes"" flag. The feature directly aligns with the parental control and minor protection requirements in the Florida and Utah laws. The rationale is the feature itself is designed to meet these laws.  The related regulations listed are those directly referenced in the prompt. I've concluded with this:

```json
{
  ""flag"": ""Yes"",
  ""reasoning"": ""The feature's core function of providing parental controls and limiting features for minors directly aligns with specific requirements mandated by state laws like the Florida Online Protections for Minors (HB3)."",
  ""related_regulations"": [
    ""Florida Online Protections for Minors (HB3)"",
    ""Utah Social Media Regulation Act""
  ]
}
```

This JSON accurately reflects my assessment.
","We’re expanding chat features, but for users flagged by Jellybean, certain functions (e.g., media sharing) will be limited. BB and ASL will monitor compliance posture."
Friend suggestions with underage safeguards,Yes,"The legal texts mention enforcement by the 'Utah Division of Consumer Protection,' indicating specific, geographically-bound rules for algorithmic recommendations and age verification that apply to this feature.",Utah Regulation on Social Media and Minors,"**Okay, here's my breakdown of this ""Friend Suggestions with Underage Safeguards"" feature, keeping in mind my compliance expertise and the provided legal context.**

My initial goal is to determine if this feature needs geo-specific logic, specifically for compliance. I'll need to answer with a JSON object containing `flag`, `reasoning`, and `related_regulations`.  

Looking at the feature, it's a personalized ""friend suggestion"" feed that, crucially, has safeguards to exclude minors. They're using ""Age-sensitive logic"" (ASL) and a ""Compliance Detection System"" (CDS).  The age of the user is clearly a key factor, with a built-in logging system (""EchoTrace"") for future policy changes. This suggests the system is designed with compliance in mind.

The legal texts provided are from what appears to be a state-level law about social media and minors. I've identified several key requirements: verifiable parental consent, parental controls, nighttime restrictions for minors (specifically 10:30 p.m. to 6:30 a.m.), age verification methods, algorithmic transparency, advertising limitations, and data protection for minors. Notably, the text mentions the ""Utah Division of Consumer Protection"" as the enforcement body.

The friend suggestion feature touches several key areas of the law. Suggestions are algorithmic recommendations, and the law specifically addresses ""Algorithm and Recommendation Transparency"". Also, the core feature relies on being able to identify minors to make the ""underage safeguards"" work.

The ""Utah Division of Consumer Protection"" mention is the critical piece here. This is a very specific geographic reference. It means these rules are *specifically* tied to Utah. This direct link to a geo-specific enforcement body is the strongest indicator of the need for geo-specific logic.

Considering all this, I'd set the `flag` to ""Yes"" because the regulations are clearly geo-specific and directly impact the feature. My `reasoning` is: ""The legal texts mention enforcement by the 'Utah Division of Consumer Protection,' indicating specific, geographically-bound rules for algorithmic recommendations and age verification that apply to the feature."" Finally, `related_regulations` will be `[""Utah Regulation on Social Media and Minors""]`, reflecting the nature of the relevant regulations discussed.
","New suggestion logic uses PF to recommend friends, but minors are excluded from adult pools using ASL and CDS logic. EchoTrace logs interactions in case future policy gates are needed."
Reaction GIFs with embedded filtering,Yes,The feature's filtering of content for 'minor accounts' and use of 'Age-sensitive logic' directly corresponds to the Utah Social Media Regulation Act's requirements for content moderation and parental controls for users under 18.,Utah - Social Media Regulation Act,"**Analysis of Reaction GIF Feature for Utah Compliance**

Okay, I've got it. My task is to assess whether this ""Reaction GIFs with embedded filtering"" feature needs special handling related to Utah's social media regulations. Given my expertise, I'm going to quickly get to the core of the issue.

First, I need to understand what this feature actually *does*. It's GIFs in comments, but the key is the filtering: ""inappropriate"" content is blocked for accounts flagged as belonging to minors. This immediately raises a red flag in my mind because it's precisely the kind of content control the Utah law focuses on. I know from my experience that features that explicitly target minors and content filtering are likely to trigger compliance requirements.

Next, I dig into the relevant legal text: the Utah Social Media Regulation Act. I see that it's all about parental consent, controlling content access for minors, and labeling and moderating inappropriate content. This feature’s filtering is a direct implementation of those requirements. It’s a perfect match!

The internal codenames, like `VerifyKid`, `ParentView`, and `LabelLight`, confirm my suspicion. These systems are clearly designed to manage age verification, parental controls, and content labeling, all of which are essential for complying with Utah's regulations. The feature’s logic, with the “ASL-flagged profiles” and “flagged GIFs,” is interwoven with these systems, creating a solid compliance link.

Putting it all together, the answer is a clear ""Yes."" The feature's filtering directly addresses requirements in the Utah law, focusing on controls and moderation for minors. It's a no-brainer. Now I'll assemble the final output. The `flag` is ""Yes"" because of this direct match. The `reasoning` should highlight the content controls in the Utah act that the feature implements. Finally, the only relevant regulation is the ""Utah - Social Media Regulation Act"" itself. Here's the finalized JSON I'd deliver:

```json
{
  ""flag"": ""Yes"",
  ""reasoning"": ""The feature's filtering of inappropriate content for minor accounts directly implements requirements from the Utah Social Media Regulation Act, which mandates content controls for users under 18."",
  ""related_regulations"": [
    ""Utah - Social Media Regulation Act""
  ]
}
```

That's it, a sound conclusion and an actionable output for the team.
","Enable GIFs in comments, while filtering content deemed inappropriate for minor accounts. Softblock will apply if a flagged GIF is used by ASL-flagged profiles."
Longform posts with age-based moderation,Yes,"The feature's 'age-based moderation' for 'underage authors' directly triggers requirements from geographically-specific laws like Florida's HB3, which mandates distinct protections and age verification for minors.",Florida - Online Protections for Minors (HB3),"**Analysis of ""Longform Posts with Age-Based Moderation""**

Okay, so I'm presented with a new feature: ""Longform posts with age-based moderation.""  Right away, my spider senses are tingling.  The phrase ""age-based"" combined with ""underage authors"" screams *compliance concern*. We're dealing with minors, and that *always* triggers a deep dive into applicable regulations.

The feature description is straightforward: everyone can post longform content, but younger users get stricter moderation via ""Snowcap.""  My focus immediately lands on the implications of ""underage"" and ""stricter moderation.""  I know that regulations around minors online are notoriously complex and jurisdiction-specific.

The provided legal texts are my starting point. I've got a couple of generic state law templates outlining common themes: parental consent, content labeling, recommendation algorithms, and content moderation for minors. Then, I see the Florida HB3 summary. This is a game-changer because it's *specific* and *real*.  HB3 defines ""minor"" as under 18 and mandates age verification and parental consent, not just the generic templates.

Connecting the dots is straightforward. The feature's ""underage authors"" directly aligns with the legal definition of ""minor.""  The ""stricter moderation"" is a direct response to the legal need to protect minors from harmful content. Because Florida HB3 is named, this screams for a geo-specific implementation. This is the smoking gun!

I'm confident the ""flag"" is ""Yes."" The feature's inherent age-based differentiation and the presence of the Florida HB3 law demand geo-specific logic. We need to apply HB3's provisions for users in Florida, which may necessitate a different experience compared to users elsewhere.

My reasoning boils down to this: *The feature's age-based moderation for underage authors directly triggers the requirements of geographically specific laws like Florida's HB3, which demands distinct protections for minors.*

Finally, the most relevant regulation is clearly ""Florida - Online Protections for Minors (HB3)."" The other texts provide context, but HB3 is the actionable piece of legislation.  The resulting JSON reflects this clearly.  This output effectively captures the identified compliance risks and the necessary regulatory focus.
","Longform post creation is now open to all. However, moderation for underage authors is stricter via Snowcap."
Custom avatar system with identity checks,Yes,The feature's age detection and content blocking for minors directly trigger specific age verification requirements mandated by regulations in Utah and Florida.,"Utah Social Media Regulation Act, Florida Online Protections for Minors (HB3)","**Here's how I'm approaching this product feature from a compliance standpoint:**

Okay, so I'm tasked with determining if the ""Custom avatar system with identity checks"" requires geo-specific compliance.  My initial assessment is that it most certainly does, given the current legal landscape.

First, I broke down the feature itself. We have a custom avatar system with a key component being the *blocking* of ""adult-themed assets"" from ""underage profiles."" That alone raises red flags. The age detection is done using ""ASL"" (Age-sensitive logic), which is an immediate trigger for potential regulatory scrutiny. And then there's the critical piece: ""logs flow through GH (Geo-handler)."" This is a clear indicator that the system is *designed* to handle geo-specific logic.

Next, I dove into the provided legal texts, specifically focusing on regulations related to age verification, content restrictions for minors, and parental consent. I found significant matches in both the Utah and Florida regulations. The ""VerifyKid"" and ""VerifyMe"" codenames, which are used by these states, jump out at me immediately. These laws *explicitly* mandate age verification. The Florida text, in particular, with its ""Gatekeeper"" requirement to prevent minors from accessing adult content, is a perfect fit with the feature's goal.  The legal texts also have other pieces, like 'ParentView,' 'ParentalShield,' 'Guardian' and 'ConsentLock,' that all revolve around identifying minors, too.

Given that the feature directly deals with age detection and content restrictions for minors, and considering the legal landscape in these jurisdictions (Utah and Florida),  I have to conclude that geo-specific compliance is absolutely necessary.  The existing architecture (the Geo-handler) confirms it. My final decision is a definite ""Yes"". I would also flag that the *method* of age verification and the *definition* of ""underage"" might differ depending on the user's location.
","Users can now design custom avatars. For safety, T5 triggers block adult-themed assets from use by underage profiles. Age detection uses ASL and logs flow through GH."
